{
    "ConfigVersion": 9,
    "ID": 1,
    "ObjectiveType": 6,
    "ObjectiveText": "Find the location of the treasure",
    "TimeLimit": -1,
    "ShowDistance": 1,
    "TreasureHunt": {
        "Positions": [
            [
                2936.47998046875,
                350.40399169921877,
                6369.39013671875
            ],
            [
                3143.35009765625,
                365.7760009765625,
                6942.0400390625
            ],
            [
                5233.509765625,
                290.8810119628906,
                6246.3701171875
            ]
        ],
        "Items": {
            "Zucchini": 1,
            "MoneyRuble": 100
        }
    }
}