{
    "m_Version": 6,
    "m_DisplayName": "Kamenka Boats Trading Zone",
    "Position": [
        1756.0999755859376,
        2.200000047683716,
        2025.469970703125
    ],
    "Radius": 100.0,
    "BuyPricePercent": 100.0,
    "SellPricePercent": -1.0,
    "Stock": {}
}