{
    "m_Version": 6,
    "m_DisplayName": "Krasnostav Trading Zone",
    "Position": [
        11924.7001953125,
        140.6999969482422,
        12527.0
    ],
    "Radius": 1000.0,
    "BuyPricePercent": 100.0,
    "SellPricePercent": -1.0,
    "Stock": {}
}